{
  "project_info": {
    "project_number": "1004653580018",
    "firebase_url": "https://memobot-66f7d.firebaseio.com",
    "project_id": "memobot-66f7d",
    "storage_bucket": "memobot-66f7d.appspot.com"
  },
  "client": [
    {
      "client_info": {
        "mobilesdk_app_id": "1:1004653580018:android:863d2ee8d76dfab0",
        "android_client_info": {
          "package_name": "sg.gowild.memobot"
        }
      },
      "oauth_client": [
        {
          "client_id": "1004653580018-nbdp1cljs1aqq5mdjciee6j72h0h6541.apps.googleusercontent.com",
          "client_type": 1,
          "android_info": {
            "package_name": "sg.gowild.memobot",
            "certificate_hash": "795b3e06b4d8ccd188041977031057905a0a146b"
          }
        },
        {
          "client_id": "1004653580018-7jc8k9qljbbgplpe582jp18boepkqudu.apps.googleusercontent.com",
          "client_type": 3
        },
        {
          "client_id": "1004653580018-7jc8k9qljbbgplpe582jp18boepkqudu.apps.googleusercontent.com",
          "client_type": 3
        }
      ],
      "api_key": [
        {
          "current_key": "AIzaSyAsxOFXL9GyxIlJanbcAKiTiyMGNqeBBOI"
        }
      ],
      "services": {
        "analytics_service": {
          "status": 1
        },
        "appinvite_service": {
          "status": 2,
          "other_platform_oauth_client": [
            {
              "client_id": "1004653580018-7jc8k9qljbbgplpe582jp18boepkqudu.apps.googleusercontent.com",
              "client_type": 3
            }
          ]
        },
        "ads_service": {
          "status": 2
        }
      }
    }
  ],
  "configuration_version": "1"
}